key	title	artist	license	license_url	date	page
crunchy	File:Taco platter with beans and rice.jpg	Davidgeonetta	CC BY-SA 4.0	https://creativecommons.org/licenses/by-sa/4.0	Taken on 21 May 2019	https://commons.wikimedia.org/wiki/File:Taco_platter_with_beans_and_rice.jpg
soft	File:Tacos en Asadero Acatlán de Juárez 08.jpg	ProtoplasmaKid	CC BY-SA 4.0	https://creativecommons.org/licenses/by-sa/4.0	2026-03-12 20:19:02	https://commons.wikimedia.org/wiki/File:Tacos_en_Asadero_Acatl%C3%A1n_de_Ju%C3%A1rez_08.jpg
burrito	File:Oaxacalifornia Burrito cross section.jpg	RightCowLeftCoast	CC BY 4.0	https://creativecommons.org/licenses/by/4.0	2026-01-31 13:12:37	https://commons.wikimedia.org/wiki/File:Oaxacalifornia_Burrito_cross_section.jpg
quesadilla	File:Quesadilla plate, New Orleans November 2016.jpg	pelican from Tokyo, Japan	CC BY-SA 2.0	https://creativecommons.org/licenses/by-sa/2.0	2016-11-04 10:01	https://commons.wikimedia.org/wiki/File:Quesadilla_plate,_New_Orleans_November_2016.jpg
nachos	File:NACHOS - Montagues Tex Mex 2026-06-03.jpg	Andy Li	CC0	http://creativecommons.org/publicdomain/zero/1.0/deed.en	2026-06-03 21:01:43	https://commons.wikimedia.org/wiki/File:NACHOS_-_Montagues_Tex_Mex_2026-06-03.jpg
bowl	File:Burrito Bowl - La Casa Restaurant - Sarah Stierch - 2021-09-29.jpg	Missvain	CC BY 4.0	https://creativecommons.org/licenses/by/4.0	2021-09-29	https://commons.wikimedia.org/wiki/File:Burrito_Bowl_-_La_Casa_Restaurant_-_Sarah_Stierch_-_2021-09-29.jpg
salad	File:La Casa Restaurant - August 2022 - Sarah Stierch 03.jpg	Missvain	CC BY 4.0	https://creativecommons.org/licenses/by/4.0	Taken on 23 August 2	https://commons.wikimedia.org/wiki/File:La_Casa_Restaurant_-_August_2022_-_Sarah_Stierch_03.jpg
breakfast	File:Breakfast Burrito - 1UP Cafe 2024-02-18.jpg	Andy Li	CC0	http://creativecommons.org/publicdomain/zero/1.0/deed.en	2024-02-18 13:46:53	https://commons.wikimedia.org/wiki/File:Breakfast_Burrito_-_1UP_Cafe_2024-02-18.jpg
chips	File:Chips and salsa at La Casa Restaurant - July 2022 - Sarah Stierch 02.jpg	Missvain	CC BY 4.0	https://creativecommons.org/licenses/by/4.0	Taken on 3 July 2022	https://commons.wikimedia.org/wiki/File:Chips_and_salsa_at_La_Casa_Restaurant_-_July_2022_-_Sarah_Stierch_02.jpg
horchata	File:Horchata, my drink of choice in Mexico - Merida Yucatan 21 March 2021.jpg	Sharon Hahn Darlin	CC BY 2.0	https://creativecommons.org/licenses/by/2.0	2021-03-21 10:32:59	https://commons.wikimedia.org/wiki/File:Horchata,_my_drink_of_choice_in_Mexico_-_Merida_Yucatan_21_March_2021.jpg
soda	File:Soda.jpg	Renee Comet (Photographer)	Public domain		1994	https://commons.wikimedia.org/wiki/File:Soda.jpg
twists	File:Cinnamon twist.jpg	Dvortygirl	CC BY-SA 3.0	https://creativecommons.org/licenses/by-sa/3.0	2009-04-02	https://commons.wikimedia.org/wiki/File:Cinnamon_twist.jpg
churros	File:Churros bought from food truck at Churchill Square 2023-07-28.jpg	Andy Li	CC0	http://creativecommons.org/publicdomain/zero/1.0/deed.en	2023-07-28 16:07:55	https://commons.wikimedia.org/wiki/File:Churros_bought_from_food_truck_at_Churchill_Square_2023-07-28.jpg
crunchwrap	File:Taco Bell Crunchwrap Supreme.jpg	JIP	CC BY-SA 4.0	https://creativecommons.org/licenses/by-sa/4.0	2022-08-14	https://commons.wikimedia.org/wiki/File:Taco_Bell_Crunchwrap_Supreme.jpg
chalupa-supreme	File:Taco Bell Chalupa Supreme (54363913328).jpg	Phillip Pessar	CC BY 2.0	https://creativecommons.org/licenses/by/2.0	2025-03-03 09:37	https://commons.wikimedia.org/wiki/File:Taco_Bell_Chalupa_Supreme_(54363913328).jpg
mexican-pizza	File:Mexican Pizza Taco Bell (54385500737).jpg	Phillip Pessar	CC BY 2.0	https://creativecommons.org/licenses/by/2.0	2025-03-14 11:04	https://commons.wikimedia.org/wiki/File:Mexican_Pizza_Taco_Bell_(54385500737).jpg
nachos-bellgrande	File:Taco Bell Nachos BellGrande (45756738371).jpg	Willis Lam	CC BY-SA 2.0	https://creativecommons.org/licenses/by-sa/2.0	2018-11-06 11:13	https://commons.wikimedia.org/wiki/File:Taco_Bell_Nachos_BellGrande_(45756738371).jpg
doritos-locos	File:TACO BELL Doritos LOCOS TACOS.jpg	1000b	CC BY-SA 4.0	https://creativecommons.org/licenses/by-sa/4.0	2021-05-29 13:02:41	https://commons.wikimedia.org/wiki/File:TACO_BELL_Doritos_LOCOS_TACOS.jpg
cheese-quesadilla	File:2019-01-22 21 01 02 A cheese quesadilla from Taco Bell in the Franklin Farm section of Oak Hill, Fairfax County, Virginia.jpg	Famartin	CC BY-SA 4.0	https://creativecommons.org/licenses/by-sa/4.0	2019-01-22 21:01:02	https://commons.wikimedia.org/wiki/File:2019-01-22_21_01_02_A_cheese_quesadilla_from_Taco_Bell_in_the_Franklin_Farm_section_of_Oak_Hill,_Fairfax_County,_Virginia.jpg
burrito-meal	File:Taco and Burrito Taco Bell Meal (48686456993).jpg	Nahushraj Sonawane	CC BY 2.0	https://creativecommons.org/licenses/by/2.0	2019-09-01 20:51	https://commons.wikimedia.org/wiki/File:Taco_and_Burrito_Taco_Bell_Meal_(48686456993).jpg
baja-blast	File:Baja Blast.jpg	Thanksolotl	CC BY-SA 4.0	https://creativecommons.org/licenses/by-sa/4.0	2022-03-09	https://commons.wikimedia.org/wiki/File:Baja_Blast.jpg
cantina-soft-taco	File:Taco Bell Caliente Cantina Chicken Soft TacoBell (54355197580).jpg	Phillip Pessar	CC BY 2.0	https://creativecommons.org/licenses/by/2.0	2025-02-27 09:21	https://commons.wikimedia.org/wiki/File:Taco_Bell_Caliente_Cantina_Chicken_Soft_TacoBell_(54355197580).jpg
crunchy-taco-supreme	File:2020-04-28 21 18 41 A Crunchy Taco Supreme from Taco Bell in the Franklin Farm section of Oak Hill, Fairfax County, Virginia.jpg	Famartin	CC BY-SA 4.0	https://creativecommons.org/licenses/by-sa/4.0	2020-04-28 21:18:41	https://commons.wikimedia.org/wiki/File:2020-04-28_21_18_41_A_Crunchy_Taco_Supreme_from_Taco_Bell_in_the_Franklin_Farm_section_of_Oak_Hill,_Fairfax_County,_Virginia.jpg
nuggets	File:New Chicken Nuggets at Taco Bell (54214782433).jpg	Phillip Pessar	CC BY 2.0	https://creativecommons.org/licenses/by/2.0	2024-12-19 09:56	https://commons.wikimedia.org/wiki/File:New_Chicken_Nuggets_at_Taco_Bell_(54214782433).jpg
crunchy-taco	File:Taco Bell Crunchy Taco (36790432774).jpg	Willis Lam	CC BY-SA 2.0	https://creativecommons.org/licenses/by-sa/2.0	Taken on 3 October 2	https://commons.wikimedia.org/wiki/File:Taco_Bell_Crunchy_Taco_(36790432774).jpg
chalupa	File:Chalupa taco bell.jpg	3steph14	CC BY-SA 4.0	https://creativecommons.org/licenses/by-sa/4.0	15 April 2022 (accor	https://commons.wikimedia.org/wiki/File:Chalupa_taco_bell.jpg
box	File:Taco Bell Box for 1.jpg	JIP	CC BY-SA 4.0	https://creativecommons.org/licenses/by-sa/4.0	2021-09-25	https://commons.wikimedia.org/wiki/File:Taco_Bell_Box_for_1.jpg
soft-taco	File:Tbellsoft1.JPG	Lenin and McCarthy	CC BY-SA 3.0	https://creativecommons.org/licenses/by-sa/3.0	Taken on 27 December	https://commons.wikimedia.org/wiki/File:Tbellsoft1.JPG
street-chalupa	File:Street Chalupa Taco Bell (54413761183).jpg	Phillip Pessar	CC BY 2.0	https://creativecommons.org/licenses/by/2.0	2025-03-27 10:04	https://commons.wikimedia.org/wiki/File:Street_Chalupa_Taco_Bell_(54413761183).jpg
crispy-chicken-pizza	File:Taco Bell Mexican Crispy Chicken Pizza 01.jpg	Dan Keck	CC0	http://creativecommons.org/publicdomain/zero/1.0/deed.en	Taken on 15 April 20	https://commons.wikimedia.org/wiki/File:Taco_Bell_Mexican_Crispy_Chicken_Pizza_01.jpg
beefy-fritos-burrito	File:Taco Bell Beefy Fritos Burrito (15401861800).jpg	Willis Lam	CC BY-SA 2.0	https://creativecommons.org/licenses/by-sa/2.0	2014-10-02 11:38	https://commons.wikimedia.org/wiki/File:Taco_Bell_Beefy_Fritos_Burrito_(15401861800).jpg
triple-melt	File:Taco Bell Triple Melt Burrito (39453160090).jpg	Willis Lam	CC BY-SA 2.0	https://creativecommons.org/licenses/by-sa/2.0	2018-04-05 12:06	https://commons.wikimedia.org/wiki/File:Taco_Bell_Triple_Melt_Burrito_(39453160090).jpg
doritos-nacho	File:Taco Bell Doritos Locos Nacho Cheese Taco (21958719361).jpg	Willis Lam	CC BY-SA 2.0	https://creativecommons.org/licenses/by-sa/2.0	Taken on 20 August 2	https://commons.wikimedia.org/wiki/File:Taco_Bell_Doritos_Locos_Nacho_Cheese_Taco_(21958719361).jpg
quesadilla-combo	File:Taco Bell quesadilla & beef taco combo meal crop.jpg	BrokenSphere	CC BY-SA 3.0	https://creativecommons.org/licenses/by-sa/3.0	Taken on 8 March 200	https://commons.wikimedia.org/wiki/File:Taco_Bell_quesadilla_%26_beef_taco_combo_meal_crop.jpg
cheesy-street-chalupas	File:Cheesy Street Chalupas Taco Bell (54722668243).jpg	Phillip Pessar	CC BY 4.0	https://creativecommons.org/licenses/by/4.0	2025-08-15	https://commons.wikimedia.org/wiki/File:Cheesy_Street_Chalupas_Taco_Bell_(54722668243).jpg
cinnabon	File:Cinnabon Delights Taco Bell (53780070329).jpg	Phillip Pessar	CC BY 2.0	https://creativecommons.org/licenses/by/2.0	2024-06-09 10:20	https://commons.wikimedia.org/wiki/File:Cinnabon_Delights_Taco_Bell_(53780070329).jpg
menu-items	File:Taco-Bell-menu-items-01.jpg	Mudwater	CC BY-SA 4.0	https://creativecommons.org/licenses/by-sa/4.0	Taken on 10 February	https://commons.wikimedia.org/wiki/File:Taco-Bell-menu-items-01.jpg
dollar-cravings	File:Dollar Cravings.jpg	Wen Baldron	CC BY-SA 4.0	https://creativecommons.org/licenses/by-sa/4.0	2014-11-03	https://commons.wikimedia.org/wiki/File:Dollar_Cravings.jpg
gordita-crunch	File:Taco Bell Miami (55535850419).jpg	Phillip Pessar	CC BY 4.0	https://creativecommons.org/licenses/by/4.0	2026-09-18 10:05:46	https://commons.wikimedia.org/wiki/File:Taco_Bell_Miami_(55535850419).jpg
fritos-slider	File:Taco Bell Fritos Beefy Cheddar Crunch Wrap Slider Opened (17659155604).jpg	Willis Lam	CC BY-SA 2.0	https://creativecommons.org/licenses/by-sa/2.0	2015-03-17 13:23	https://commons.wikimedia.org/wiki/File:Taco_Bell_Fritos_Beefy_Cheddar_Crunch_Wrap_Slider_Opened_(17659155604).jpg
cantina-bowl	Cantina Chicken Bowl	Phillip Pessar	CC BY 2.0		https://www.flickr.com/photos/25955895@N03/54432484244
breakfast-crunchwrap	Breakfast Crunchwrap	JeepersMedia	CC BY 2.0		https://www.flickr.com/photos/39160147@N03/14605266783
discovery-box	Discovery Luxe Box	Phillip Pessar	CC BY 2.0		https://www.flickr.com/photos/25955895@N03/54413875100
cravings-box	Luxe Cravings Box	Phillip Pessar	CC BY 2.0		https://www.flickr.com/photos/25955895@N03/54109874565
chicken-quesadilla	Chicken Quesadilla	Silverman68	CC BY 2.0		https://www.flickr.com/photos/29120766@N07/6974949458
cheesy-roll-up	Cheesy Roll Up	Phillip Pessar	CC BY 2.0		https://commons.wikimedia.org/w/index.php?curid=162636722
soft-taco-wl	Soft Taco	Willis Lam	CC BY-SA 2.0		https://commons.wikimedia.org/w/index.php?curid=78707467
